<?xml version="1.0" encoding="utf-8"?>
<!-- File created by the Android Action Bar Style Generator

     Copyright (C) 2011 The Android Open Source Project
     Copyright (C) 2012 readyState Software Ltd

     Licensed under the Apache License, Version 2.0 (the "License");
     you may not use this file except in compliance with the License.
     You may obtain a copy of the License at
  
          http://www.apache.org/licenses/LICENSE-2.0
  
     Unless required by applicable law or agreed to in writing, software
     distributed under the License is distributed on an "AS IS" BASIS,
     WITHOUT WARRANTIES OR CONDITIONS OF ANY KIND, either express or implied.
     See the License for the specific language governing permissions and
     limitations under the License.
-->

<resources>

    <style name="Theme.Msstyle_orange" parent="@style/Theme.AppCompat.Light.DarkActionBar">
        <item name="actionBarItemBackground">@drawable/selectable_background_msstyle_orange</item>
        <item name="popupMenuStyle">@style/PopupMenu.Msstyle_orange</item>
        <item name="dropDownListViewStyle">@style/DropDownListView.Msstyle_orange</item>
        <item name="actionBarTabStyle">@style/ActionBarTabStyle.Msstyle_orange</item>
        <item name="actionDropDownStyle">@style/DropDownNav.Msstyle_orange</item>
        <item name="actionBarStyle">@style/ActionBar.Solid.Msstyle_orange</item>
        <item name="actionModeBackground">@drawable/cab_background_top_msstyle_orange</item>
        <item name="actionModeSplitBackground">@drawable/cab_background_bottom_msstyle_orange</item>
        <item name="actionModeCloseButtonStyle">@style/ActionButton.CloseMode.Msstyle_orange</item>

                <!-- Light.DarkActionBar specific -->
        <item name="actionBarWidgetTheme">@style/Theme.Msstyle_orange.Widget</item>

    </style>

    <style name="ActionBar.Solid.Msstyle_orange" parent="@style/Widget.AppCompat.Light.ActionBar.Solid.Inverse">
        <item name="background">@drawable/ab_solid_msstyle_orange</item>
        <item name="backgroundStacked">@drawable/ab_stacked_solid_msstyle_orange</item>
        <item name="backgroundSplit">@drawable/ab_bottom_solid_msstyle_orange</item>
        <item name="progressBarStyle">@style/ProgressBar.Msstyle_orange</item>
    </style>

    <style name="ActionBar.Transparent.Msstyle_orange" parent="@style/Widget.AppCompat.ActionBar">
        <item name="background">@drawable/ab_transparent_msstyle_orange</item>
        <item name="progressBarStyle">@style/ProgressBar.Msstyle_orange</item>
    </style>
	
    <style name="PopupMenu.Msstyle_orange" parent="@style/Widget.AppCompat.PopupMenu">	
        <item name="android:popupBackground">@drawable/menu_dropdown_panel_msstyle_orange</item>	
    </style>
	
    <style name="DropDownListView.Msstyle_orange" parent="@style/Widget.AppCompat.ListView.DropDown">
        <item name="android:listSelector">@drawable/selectable_background_msstyle_orange</item>
    </style>

    <style name="ActionBarTabStyle.Msstyle_orange" parent="@style/Widget.AppCompat.ActionBar.TabView">
        <item name="android:background">@drawable/tab_indicator_ab_msstyle_orange</item>
    </style>
	
    <style name="DropDownNav.Msstyle_orange" parent="@style/Widget.AppCompat.Spinner.DropDown.ActionBar">
        <item name="android:background">@drawable/spinner_background_ab_msstyle_orange</item>
        <item name="android:popupBackground">@drawable/menu_dropdown_panel_msstyle_orange</item>
        <item name="android:dropDownSelector">@drawable/selectable_background_msstyle_orange</item>
    </style>
    
    <style name="ProgressBar.Msstyle_orange" parent="@style/Widget.AppCompat.ProgressBar.Horizontal">
        <item name="android:progressDrawable">@drawable/progress_horizontal_msstyle_orange</item>
    </style>
    
    <style name="ActionButton.CloseMode.Msstyle_orange" parent="@style/Widget.AppCompat.ActionButton.CloseMode">
        <item name="android:background">@drawable/btn_cab_done_msstyle_orange</item>
    </style>
    
    <!-- this style is only referenced in a Light.DarkActionBar based theme -->
    <style name="Theme.Msstyle_orange.Widget" parent="@style/Theme.AppCompat">
        <item name="popupMenuStyle">@style/PopupMenu.Msstyle_orange</item>
        <item name="dropDownListViewStyle">@style/DropDownListView.Msstyle_orange</item>
    </style>

</resources>